{
    "MSE": 0.3900251439639549,
    "R2": 0.403180341279622
}